start	end	text
0	5160	Welcome to today's Deep Dive. I'm really excited about this one because, well, if you've ever
5160	10780	wondered why self-driving cars or like super advanced AI systems sometimes make these just
10780	17180	completely bizarre, dangerous errors, even when they have literal mountains of training data,
17760	21720	we actually have an answer today. We do. And it's honestly a fascinating answer.
21860	26280	Right. So today's mission is to explore this really incredible research paper.
26280	31680	It's called Against Latent Fundamentalism by an independent researcher named Flyxion.
32180	36400	And basically, we're going to uncover this mathematical blind spot and how AI learns about
36400	41060	the physical world. Yeah. And this blind spot perfectly explains why an AI can be,
41060	44720	you know, unbelievably good at predicting things on a screen.
44960	48240	Right. But then it just fails completely at basic real world planning.
48420	53080	Exactly. And I think to set the stage here, we need to talk about how AI actually processes the world
53080	56160	because it uses this thing called representation learning, right?
56240	61540	Right. Representation learning. So think about how overwhelmingly complex the real world is.
62200	67860	An AI can't mathematically process every single atom in a room or like every photon hitting a camera
67860	70360	lens. It's just too much data. Way too much.
70420	75260	So these neural networks, they compress all that massive high dimensional real world data
75260	78760	down into manageable lower dimensional concepts.
78760	83880	Which, I mean, it makes sense. It's completely necessary. Like if your phone's navigation app had
83880	88160	to render every single pebble on the highway, the processor would just melt in your hand.
88260	93000	Exactly. It would just catch fire. Compression is absolutely mandatory for intelligence.
93420	98420	But the problem that this paper highlights is that right now we are missing this critical
98420	99420	mathematical rule.
99580	101460	A rule for the compression itself.
101460	107440	Yeah. A rule to ensure that when the AI compresses all this data, it doesn't accidentally just erase
107440	110380	the most important details that it actually needs for safe planning.
110520	115520	Okay. Let's unpack this. Because the paper traces this missing ingredient all the way back to 1943,
115840	117720	right? To a thinker named Crake.
118000	124200	Yes. Crake. And it's crazy to think this goes back to the 40s, but Crake basically argued that a true
124200	130380	world model, whether that's in a human brain or a silicon chip, it has to let the organism
130380	133660	try out various alternatives in its head.
133760	136360	Before actually doing it in the real world.
136460	141200	Exactly. And the paper formalizes this concept as reachability.
141420	142020	Reachability.
142160	147020	Yeah. Reachability is really just knowing which future states are geometrically accessible from
147020	152660	your current state. Like if you take action A, what specific futures open up to you? And if you
152660	156060	take action B, what futures are now permanently closed off?
156260	159540	So it's kind of like mapping out the geometry of possible futures.
159540	161000	That's a great way to put it. Yeah.
161240	167160	But how does an AI actually map that geometry when it's also simultaneously trying to compress
167160	168080	everything down?
168280	172280	Well, that is exactly where the whole system breaks down. And the paper gives us a name.
172360	173900	It calls it admissibility distortion.
174260	177960	Admissibility distortion. And they use a specific mathematical variable for this, right?
178260	183800	Yeah. They use D sub A to represent this distortion mathematically. And what happens is the AI is
183800	189520	trying to be efficient, right? So it merges two distinct physical states into one single mathematical
189520	190300	concept.
190420	191380	Just to save space.
191580	197400	Right. But the problem is those two states actually have entirely different reachable futures.
197620	202280	Okay. Let me try an analogy here to see if I'm getting this. It's like a navigation app compressing a
202280	209480	map. And it decides to color both a massive interstate highway and like a muddy dirt road,
209480	214020	the exact same shade of gray. Because from space, they just look like thin lines.
214120	219580	Exactly. To a satellite, they look identical. But for my actual car, the highway lets me reach my
219580	223040	destination in an hour. And that dirt road leads straight into a swamp.
223300	223440	Right.
223440	225180	So they have totally different reachability.
225420	230040	That is exactly it. And if the AI's internal representation collapses the highway and the
230040	234500	swamp road into the same token, the system is suffering from admissibility distortion.
234500	239160	But wait, I have to push back a little here. Doesn't the AI eventually figure out that the
239160	244160	dirt road is a swamp once it actually drives on it? I mean, it has cameras and LIDAR. It's getting
244160	245380	real-time data.
245620	246880	I mean, you would think so, right?
246980	247180	Yeah.
247260	250560	That assumes the AI is reacting on the fly like a human driver would.
250740	251000	Hmm.
251460	255600	But the mathematical reality is that the error happens prior to the action.
255700	256520	Prior to the action.
256640	262380	Yes. The AI's internal map is fundamentally broken before it even starts calculating a route.
262380	268900	It literally cannot plan to avoid the swamp because in its compressed reality, the distinction
268900	271880	between the swamp and the highway just doesn't exist anymore.
272040	277420	Oh, wow. So if the internal map is just missing that critical distinction, my immediate instinct
277420	282000	is we'll just throw more data at it. Feed it more video, give it higher resolution sensors.
282360	285260	If the map is blurry, just take a sharper picture right now.
285560	289120	And that is the absolute standard instinct in the tech industry right now.
289120	295120	But this paper presents a central proof that kind of shatters that whole idea. It's called
295120	297840	the observational-interventional separation theorem.
298480	301380	That sounds intense. What does that actually mean in plain English?
301700	307440	It basically proves that just because two states look identical to passive sensors, which
307440	312080	is what we call observational equivalence, it absolutely does not mean they have the same
312080	314860	reachable futures once you actively interact with them.
314860	319300	So wait, looking at a system and interacting with it are mathematically distinct?
319520	325080	Completely distinct. The paper uses this fantastic example of a load-bearing beam.
325760	331280	So imagine you're inspecting a building and you see this perfectly intact steel load-bearing
331280	331640	beam.
331780	332740	Okay, got it.
332740	337920	Now imagine a second beam right next to it, but this one has a microscopic invisible internal
337920	338400	crack.
338640	341600	So it's structurally compromised, but you can't see it from the outside?
341600	347680	Right. To a passive sensor, like a camera or a laser scanner, those two beams look identical.
348120	350240	Their observational data is exactly the same.
350340	350540	Yeah.
350700	355160	But if you execute an intervention, like if you apply heavy stress to those beams, the
355160	357660	cracked beam reaches a catastrophic failure state.
357760	359060	And the intact one doesn't.
359160	363320	Exactly. Their reachable futures are wildly different, even though they look identical to
363320	363660	the camera.
363900	368100	Here's where it gets really interesting, though, because isn't that still just like a sensor
368100	368620	limitation?
368620	373920	Like, if we just gave the AI an x-ray camera so it could see the internal crack, wouldn't
373920	374840	that fix the problem?
375360	379600	You'd think so, but the author proves that this isn't about lacking sensory data.
379740	383740	It's actually a structural type mismatch in the math itself.
383920	384980	A type mismatch.
385260	389600	Yeah. And to explain this, the paper brings in Judea Pearl's Ducalculus.
390040	392340	Okay, let's define Ducalculus really quick for the listener.
392520	395240	That's essentially the mathematical language of cause and effect, right?
395240	401380	Exactly. Passive observation, like watching a video or predicting pixels on a screen, is
401380	407200	an entirely different mathematical operation than active intervention. Passive sensors just
407200	409400	compute probabilities of what you might see next.
409500	409760	Right.
409980	415160	But planning an action requires you to compute the exact physical futures you can reach based
415160	416220	on what you actually do.
416220	420980	So observation is just correlation. You're just watching the world happen. But intervention
420980	424480	is causation. You are making the world happen.
424940	432160	Yes. And no amount of passive video watching can mathematically substitute for an understanding
432160	433400	of physical reachability.
433580	438020	It's like trying to learn how to ride a bicycle just by watching a thousand hours of Tour de
438020	438640	France footage.
438780	440480	Oh, that's a brilliant way to frame it.
440540	444580	Right. Because you can memorize every frame of the video, but the second you get on a real
444580	448580	bike, you have no idea how to balance against gravity because you only observe you never
448580	449200	intervenes.
449200	454520	Exactly. The AI is watching all this footage and convincing itself it understands gravity.
454760	461660	But because passive observation can't guarantee safe interventions, this gap creates massive,
461880	464700	unavoidable problems for AI safety.
464880	470560	Because if the AI can't mathematically distinguish between a safe action and a dangerous one just
470560	474900	by looking at data, how can we trust it to do anything in the physical world?
474900	479160	Well, we can't. And this brings us to what the paper calls the safety admissibility gap.
479720	484680	If an AI's initial representation accidentally groups a safe state and a dangerous state together
484680	486040	into the same concept.
486160	488060	Like the intact beam and the cracked beam.
488140	491780	Yes. If it merges those, the entire system is permanently compromised.
492420	496920	Okay. Let me push back on the word permanently there because AI companies know their models
496920	497800	aren't perfect, right?
497860	498100	Mm-hmm.
498100	503640	That's why they employ huge teams to build these secondary guardrails and safety classifiers
503640	509480	to double check the AI before it acts. Can't those guardrails just catch the mistake?
509480	515180	That is the hope driving the entire AI industry right now. But the math in this paper says it's
515180	515720	impossible.
516000	520160	Let me try another analogy here just to make sure I'm tracking the mechanism. If I take a bright
520160	523560	red shirt and I throw it into a load of pure white laundry.
523880	524740	Everything turns pink.
524740	529440	Right. The hot water makes all the colors bleed together. And no matter how much I sort those
529440	535560	clothes afterward or how many secondary sorting systems I use, I can't unpink them. The original
535560	540060	pure white and pure red states are just gone. Is that what's happening mathematically here?
540160	546000	That is such a good analogy, yes. The paper calls this mechanism irrecoverable quotient collapse.
546920	548840	Irrecoverable quotient collapse. Wow.
548840	554100	Yeah. It relies on this foundational rule in information theory called the data processing inequality.
554740	559440	Basically, if your base representation bleeds the safe state and the dangerous state together
559440	566300	into one pink concept, no downstream safety classifier can ever recover that lost distinction.
566560	571200	Because the data literally isn't there anymore. The guardrail is just staring at a pink shirt
571200	574000	trying to calculate if it used to be a white sock or a red towel.
574560	580180	Precisely. The safety classifier is starved of the information it needs. And the paper introduces
580180	585240	another concept here called the Bayes Risk Floor. The Bayes Risk Floor. Okay, what does that mean?
585400	589840	It means that because the safety classifier doesn't have the necessary distinction anymore,
590440	595780	its performance drops significantly. In fact, if the base representation completely collapsed the two
595780	600760	states, the safety classifier hits a mathematical floor where it's literally just randomly guessing.
600880	603020	Wait, really? A 50% error rate?
603100	603360	Yes.
603360	608100	So, it's basically flipping a coin on whether it crashes the car or not, and no amount of fancy
608100	610080	engineering on the guardrail side can fix it?
610280	613720	None. Because the foundation itself is mathematically flawed.
614020	620080	Okay, so if admissibility, preserving that reachability, is the key to making an AI safe,
620340	626720	we need to know what actually makes a representation admissible. But the paper points out that admissibility
626720	628300	isn't a fixed target, right?
628300	632780	No, not at all. And this is where the author introduces a really crucial concept,
633320	634400	capability-relativity.
634820	635780	Capability-relativity.
635940	642300	Yeah. It means that admissibility is indexed to two specific things, an agent's capability class,
642880	647540	which they denote with the Greek letter pi, meaning what actions it can physically take,
647860	652340	and its planning horizon, denoted as H, which is how far into the future it's looking.
652500	657400	So, a map that's perfectly safe for one AI might be incredibly dangerous for another AI.
657400	662640	Yes, absolutely. Let's look at the planning horizon first. The paper calls this admissibility depth.
663360	667000	A representation might work perfectly if you're only predicting one step into the future.
667540	672220	But if you try to use that exact same compressed map for a 10-step strategic plan,
672580	674500	it could be catastrophically inadmissible.
674660	678340	Because the tiny errors from the compression just compound over time.
678420	682320	That makes total sense. Like, if I'm just walking down my driveway to get the mail,
682640	685680	my mental map only needs to know if there's a car parked in the way.
685680	690340	But if I'm driving across the entire country, my map has to account for, like,
690660	693000	highway closures and mountain passes.
693360	697940	If I use my driveway-level map for a cross-country road trip, I'm going to end up stranded.
698360	703080	Right. But it gets even more fascinating when you look at the second factor, the capability class.
703440	704380	Okay. Tell me about that.
704780	708020	Think about a simple, autonomous robot in a warehouse.
708020	713520	Its capabilities are just moving forward, backward, left, and right on a flat floor.
713980	718420	So its internal map compresses the warehouse down to a two-dimensional plane.
718840	721920	It doesn't need to model the ceiling height or the upper shelves.
722000	725100	Because it can't reach them anyway. Its reachability is strictly 2D.
725220	729560	Exactly. For that specific robot, that flat 2D map is highly admissible. It's safe.
729560	735580	But now, imagine you give that exact same robot a new tool. You attach, like, a hydraulic lift to it.
735660	738340	Oh, man. Suddenly its capabilities just exploded.
738820	742080	Right into the vertical dimension. It can now reach the top shelves.
742520	743960	But here is the danger.
745060	748960	If the robot is still using its original compressed 2D map,
749340	753840	which completely erased the structural details of the upper shelves because they used to be irrelevant.
753900	755960	That map is now super inadmissible.
755960	760440	Highly inadmissible. The robot might try to place a heavy crate on a flimsy top shelf
760440	765080	because its map never preserved the distinction between a strong shelf and a weak one.
765280	767800	So what does this mean for us as we build smarter AI?
768040	773760	Like, we're constantly giving these models internet access or the ability to write code or controlling robotic limbs.
774000	779720	If we make an AI more capable, do its old safety guarantees just instantly expire?
779940	780840	Mathematically, yes.
780920	781280	Wow.
781280	785440	Yeah. As an agent acquires new capabilities, its reachable futures expand.
786160	789840	Two situations that used to have the same outcome might now lead to completely different outcomes.
790060	793740	So its previously safe internal map suddenly becomes inadmissible.
794080	799700	And this is why dynamic state space evolution is just a massive, massive open problem in AI right now.
799960	801300	That is genuinely daunting.
801300	810020	So given that this admissibility distortion destroys our safety guardrails and it constantly shifts every time the AI gets a little smarter,
810580	815080	how do we actually catch these errors before we deploy a system?
815300	816940	Because we can't just cross our fingers, right?
816940	817860	I definitely can't.
818300	819340	But here's the tough part.
819780	827780	Calculating true admissibility distortion is mathematically impossible unless you have perfect godlike knowledge of the entire universe.
828120	829320	Which we obviously don't.
829320	832060	Right. So we have to rely on diagnostic auditing.
832700	835720	The paper calls this trajectory sampling lower bounds.
836460	840160	Basically, we have to sample the AI's planned trajectories in simulations.
840680	844280	So we test what the AI thinks will happen against what actually happens in the simulation.
844560	844820	Yes.
845060	849580	But the author highlights a really important philosophical constraint here called the asymmetry of evidence.
849580	851900	The asymmetry of evidence.
852540	853680	Okay, let me try to ground this.
853680	856460	It sounds like adversarial software testing.
856460	872500	Like if I'm testing a surgical robot and I sample two types of tissue that the AI thinks are identical and I find out that cutting tissue A is fine, but cutting tissue B severs a hidden artery, I now have definitive proof that the AI's model is broken.
872500	876980	Correct. Finding a crash gives you mathematical proof of failure.
877140	884960	But, and this is the asymmetry I'm guessing. If I run a million simulations and I don't find a fatal error, that doesn't mean the system is completely safe.
885440	888680	It just means I didn't test the exact right edge case scenario.
888680	900520	Exactly. Absence of evidence is not evidence of absence. And if we connect this to the bigger picture, this conflict is sharpest in safety critical domains. Think aviation or autonomous driving or medical robotics.
900580	902340	Where the stakes are literal life and death.
902440	907800	Right. In these fields, the most important reachability differences happen in rare low frequency events.
907880	909440	The one in a million edge cases.
909640	916580	Exactly. But standard compression algorithms are designed to optimize for average accuracy across massive data sets.
916580	920680	So they naturally treat those rare edge cases as statistical noise.
921040	922820	And they just discard it to save space.
923020	926460	Yes. They compress away the exact distinctions that matter most.
927040	931980	It compresses away the invisible crack in the steel beam because 99% of beams don't have cracks.
932220	936040	It compresses away the rare artery anomaly because most patients don't have it.
936140	938920	Precisely. The system optimizes for the average.
939260	942800	And it loses the resolution exactly where you need it most.
943140	945760	This has been such an incredibly eye-opening journey.
945760	955300	I mean, we've basically learned that training an AI to passively predict the world just watching endless video does not mean the AI actually understands the world.
955580	955900	Not at all.
956140	966200	True understanding requires preserving that geometry of reachability, knowing what actions lead to what futures, and ignoring that creates these irrecoverable safety blind spots.
966200	968960	That is the core danger of admissibility distortion.
968960	983160	So for everyone listening, the next time you see a headline about an advanced AI making just a completely bizarre real-world mistake, like a self-driving car stopping because it saw a plastic bag, you now know the mathematical culprit.
983920	985160	It's admissibility distortion.
985160	991140	The AI literally compressed away the distinction between a safe future and a dangerous one.
991140	993540	It really is wild to think about.
994040	1002160	And, you know, I want to leave the listener with a final thought to mull over because the papal briefly touches on self-modifying agents and human cognition.
1002600	1003100	Oh, interesting.
1003380	1003560	Yeah.
1003840	1005060	Think about your own human mind.
1005680	1009940	Every single day we are confronted with overwhelming complexity and we have to compress it.
1009940	1014180	We rely on heuristics and stereotypes and assumptions just to function.
1014380	1014460	Right.
1014540	1017000	We're running our own internal compression algorithms all the time.
1017120	1017480	Exactly.
1018060	1021920	So where might your own internal representation suffer from admissibility distortion?
1022320	1029280	Are you currently viewing two choices in your life as functionally the same when in reality their reachable futures are entirely different?
1029500	1034420	Like are you looking at a dirt road and a highway and painting them the exact same shade of gray in your mind?
1034660	1035100	Exactly.
1035440	1036100	It makes you wonder.
1036320	1037000	It really does.
1037000	1048620	Next time you confidently say, I know exactly how this will play out, ask yourself if you're looking at an accurate map or a broken, overly compressed map that's totally blind to the swamp just around the bend.
1049420	1051100	Keep questioning your maps, everyone.
1051240	1052660	We'll catch you on the next Deep Dive.
